PROLIFIC_PID,sex,ethnicity,race,age
5c7e91c1973c990016ea72b0,female,Not Hispanic or Latino,White,55
5e753094e8a6f10a9805ed9a,female,Not Hispanic or Latino,White,64
5e67052c757e6149c38ce468,male,Hispanic or Latino,Other,23
5d89106d1719af0001ee23e5,female,Not Hispanic or Latino,White,47
5dc5bd296a8a334443fbf216,female,Not Hispanic or Latino,White,48
5dce29700ad506063969a4a5,female,Not Hispanic or Latino,White,36
5d6394518df2870001a74b42,female,Not Hispanic or Latino,White,23
5e784ba802c79b3c2e227bd3,male,Not Hispanic or Latino,Multiracial,21
5bdd368719b9ba000157fb12,female,Hispanic or Latino,White,28
5e4a0a67110b3747ea173d60,male,Not Hispanic or Latino,White,56
5e605d713d60473af936cc65,male,Not Hispanic or Latino,Asian,26
574ce0a57fd0ec000db73aa6,female,Not Hispanic or Latino,White,69
5d75c56a52c89d0017df611c,female,Not Hispanic or Latino,Black,38
55bb74f1fdf99b1519ef4762,male,Not Hispanic or Latino,White,48
5a8ce265000dab00018ce084,female,Not Hispanic or Latino,White,50
5c72efa770d5a200018028f1,male,Not Hispanic or Latino,White,71
5c30b2a910677f0001dda4c8,female,Not Hispanic or Latino,White,50
5d506e6d4040a40016bb186a,male,Not Hispanic or Latino,White,74
57f0d96061e8340001877045,male,Not Hispanic or Latino,White,58
5db4a409d27e05000f0eaa00,male,Not Hispanic or Latino,White,29
5dcfc4a09595a10cd3ef3e59,female,Not Hispanic or Latino,Asian,20
59349d79f1b3f00001964d04,female,Not Hispanic or Latino,White,61
58d7d2c2e9b6dc000129148a,male,Not Hispanic or Latino,White,24
5d464c8a4bfe160001692125,female,Not Hispanic or Latino,American Indian/Alaska Native,23
5e455faf462e0802d9d9c3e2,male,Hispanic or Latino,White,25
5aea962d0ef2f20001858c9c,male,Not Hispanic or Latino,White,36
5e4b793f03c92a08a6d28e3f,male,Not Hispanic or Latino,Asian,21
5c29b88810677f0001dc2c56,male,Not Hispanic or Latino,White,54
5dc9a379d210e46baff956fb,male,Hispanic or Latino,Other,20
5cc15d5d3f664f001594a8ce,male,Not Hispanic or Latino,White,32
5e6690ca0ef3a301da87b4d9,female,Not Hispanic or Latino,Asian,26
59235471e937bd0001ca0245,female,Not Hispanic or Latino,Black,21
5cbc071f2edc3b00018ab097,male,Not Hispanic or Latino,Asian,36
5e49fdf1a95b8c46bd19f1eb,female,Not Hispanic or Latino,Black,49
5c804f4092ad770015846011,female,Not Hispanic or Latino,Asian,55
55b0eabffdf99b2228330785,female,Not Hispanic or Latino,White,65
5e2897fd0351e803a40629a5,female,Not Hispanic or Latino,White,24
5db103ed236ef00013611a6f,female,Not Hispanic or Latino,White,36
5d52d9233d8e6b001b0dcd7f,female,Not Hispanic or Latino,White,34
5c1b06d9a329230001ecc39c,male,Not Hispanic or Latino,Native Hawaiian or Other Pacific Islander,25
5de7d12c26dd95000b6824c5,male,Not Hispanic or Latino,White,44
5e576e085069e61204a85872,male,Hispanic or Latino,White,19
5e684375c130c31002de5a3b,male,Not Hispanic or Latino,White,44
5bd0607192f92c0001f84021,female,Not Hispanic or Latino,Black,34
5e8422f22612591891e71bb6,male,Not Hispanic or Latino,Black,18
579e1e2b275be6000135af15,male,Not Hispanic or Latino,White,44
5dec30eb6c078132a7db440e,female,Not Hispanic or Latino,White,58
5cbe7fdb82218d00172aa4f3,female,Not Hispanic or Latino,White,60
5dd406d9c23e0d3e6dacc034,female,Not Hispanic or Latino,White,54
55b9a9b0fdf99b6906d2aba4,male,Not Hispanic or Latino,White,64
5e2298499138e055cfd97ae0,female,Hispanic or Latino,White,49
5dcf50f05686c1099819882a,male,Not Hispanic or Latino,White,66
5cdcd4ca9f75db0001411660,male,Not Hispanic or Latino,White,35
5e838c804a170009da55fd93,male,Not Hispanic or Latino,Multiracial,21
5d1dd3126c07ef0015d8c375,female,Hispanic or Latino,White,28
5d2d8b999c6703001525304f,male,Hispanic or Latino,White,25
5e78d6a0bc70c94664aae415,male,Not Hispanic or Latino,Asian,24
5910a67f5a530d00011f9561,female,Not Hispanic or Latino,White,52
5dc208b532b0ad172977f774,female,Hispanic or Latino,Multiracial,19
5e5d3499f5bf520402da1afd,male,Hispanic or Latino,White,23
5dabebf8e022cd0014da4c87,female,Not Hispanic or Latino,Asian,25
5658000ca9872d0011e1ba26,male,Not Hispanic or Latino,White,30
5b6a87d2cda8590001db8e07,male,Not Hispanic or Latino,Asian,39
5e821582c17c6e04dc59cba6,male,Not Hispanic or Latino,White,21
5bf0c68c5fc1db0001306ab0,male,Not Hispanic or Latino,White,63
5c7560f14f23e50016135028,female,Not Hispanic or Latino,White,68
5dcef23382a527033b089d39,female,Not Hispanic or Latino,White,55
5e7936ef4267fa4e275183e6,male,Not Hispanic or Latino,White,21
5bdc96a7ba6cc10001854ac8,female,Not Hispanic or Latino,Black,30
5d02b1ce6c69cf00162f5f1a,male,Not Hispanic or Latino,White,38
5e3dff6b8714b707b9a258b0,male,Not Hispanic or Latino,White,35
5dec8925be656d35d4005320,male,Not Hispanic or Latino,White,56
5b05e0d131cebe000177c38e,male,Not Hispanic or Latino,White,38
5b68cd41263ecb0001343cb9,male,Not Hispanic or Latino,White,23
5c6244086937550001232ae6,male,Not Hispanic or Latino,White,34
54847f1cfdf99b07b28f22f9,male,Not Hispanic or Latino,Black,47
5d8de6eaafa2c40019f2375e,female,Not Hispanic or Latino,White,58
5c1976c90d57c30001b4162c,female,Not Hispanic or Latino,White,68
5add6b6aeb60400001536f2c,female,Not Hispanic or Latino,Black,66
5dc47919b9fad3334f969660,male,Not Hispanic or Latino,White,56
5deb341d35575a2547b1f85a,female,Not Hispanic or Latino,White,35
5e53e22ea0002e3e73720f65,female,Hispanic or Latino,Other,22
5e342c631b5eee3eb31540ce,female,Not Hispanic or Latino,Asian,20
568e7f66e3ef9e000ba1a089,female,Not Hispanic or Latino,White,61
5c6fb7c3c114eb00018b3154,male,Not Hispanic or Latino,Black,27
5c5297ba1841c80001393988,male,Not Hispanic or Latino,White,26
5dd35aea9b6104366fef1a90,female,Not Hispanic or Latino,White,49
5e6fde86b3ea9e5bb33664e4,male,Not Hispanic or Latino,Asian,19
5dc9afa52b1e546c412adfba,male,Not Hispanic or Latino,White,28
59dd8d01ae9f950001d83c4b,male,Not Hispanic or Latino,Asian,23
5e65dca1d639df34800674a8,female,Not Hispanic or Latino,Asian,19
5c5f38037676860001000edb,female,Not Hispanic or Latino,Other,54
5de0b69ba91be311cb773b0b,male,Not Hispanic or Latino,White,18
5a1cddb4087f2e0001eafb99,female,Not Hispanic or Latino,White,41
5e05b7747dd477fc2d2d2857,male,Not Hispanic or Latino,White,62
5e6a418620befe00096983d2,female,Not Hispanic or Latino,White,46
5c1021a547d07800011a23de,female,Not Hispanic or Latino,White,62
5e4b550cbc830a0625f5ceff,male,Not Hispanic or Latino,Black,25
5c5c4179ee8ba60001336bb1,male,Not Hispanic or Latino,White,26
58d9a79c33fef3000118abdf,male,Not Hispanic or Latino,White,30
5d923c2e235f4b0017f269c2,female,Not Hispanic or Latino,White,35
5e3360a4499e7932901951cb,male,Not Hispanic or Latino,White,34
5d9bc269f371b8028c8f52b9,male,Hispanic or Latino,White,18
5d1e943542ea95001a078e22,female,Not Hispanic or Latino,White,32
5c6f459b398a230001bb0031,male,Not Hispanic or Latino,Black,31
5c6c666a4d4f48000122caf8,female,Not Hispanic or Latino,White,64
5e0e502b2fc4785903ee9029,female,Not Hispanic or Latino,White,23
5c9e65d52707e10001a00524,male,Not Hispanic or Latino,White,58
5ddf08afcb9dd6e746231429,male,Not Hispanic or Latino,White,23
5c1c137b0739430001693cf5,female,Not Hispanic or Latino,White,23
5d48b029c4b12b00194b5aa5,male,Not Hispanic or Latino,White,68
5d3f60334cca8f0017b5bec1,male,Not Hispanic or Latino,Asian,26
5e72a4b847b408000a2f3807,female,Not Hispanic or Latino,Black,24
5cc2242c89c84a0017335b71,female,Not Hispanic or Latino,White,66
5a79de1faa46dd00016b3a60,female,Not Hispanic or Latino,White,22
5e39a96d3b3e431ca5a9c6e0,male,Not Hispanic or Latino,White,51
5b5a822e1ad8270001c4f28d,male,Not Hispanic or Latino,White,38
578ba9442fc0d400012c71dc,male,Hispanic or Latino,White,23
5ddcd77f23f9f1c2c45d6c18,male,Not Hispanic or Latino,White,65
5dc8d8b90a0b38630af7a0ba,female,Hispanic or Latino,White,68
5ace650a436f550001004f87,female,Not Hispanic or Latino,Asian,27
5e5323c8c9f6063449ad9f00,female,Not Hispanic or Latino,White,24
5dd0733b82569a156ed4f64f,female,Not Hispanic or Latino,White,68
5b2014221ce2fb0001dcb567,female,Not Hispanic or Latino,White,22
5c4ea7c3889752000156ddc5,male,Not Hispanic or Latino,Multiracial,23
5c365b5e8821900001b3876c,female,Not Hispanic or Latino,White,59
5deac17b3c27631ebb21b8f4,male,Not Hispanic or Latino,Black,29
55d7e6f669dbc30012b6826e,female,Not Hispanic or Latino,White,63
5dd43fb9572604418c5fb05c,male,Not Hispanic or Latino,White,68
57544b36eb80c4000741a7b0,female,Not Hispanic or Latino,White,61
5d615f7632cfbd001b1b6dcb,male,Not Hispanic or Latino,White,70
57e7bb4e73e67300012b8e2a,female,Not Hispanic or Latino,White,52
5e121b2b82a955890a9b3484,female,Not Hispanic or Latino,White,53
5bd45c509afb5b00015c48f4,female,Hispanic or Latino,Other,66
580d5d1f357e890001dd14ce,male,Not Hispanic or Latino,White,36
5dbfe172a39098435b9c772e,male,Not Hispanic or Latino,White,26
5d3a38eb506e34000120c0ca,male,Not Hispanic or Latino,Asian,20
5a94579a89de8200013ec36e,female,Not Hispanic or Latino,Asian,21
5e5d8d190272740aa1029258,female,Not Hispanic or Latino,White,20
5e1a7114a90da52e206de7ea,male,Not Hispanic or Latino,White,31
5ac47e09f69e940001d97449,female,Not Hispanic or Latino,White,39
5c77ee419e039600147427b9,female,Not Hispanic or Latino,Multiracial,20
5cba91f716ab74001672d747,male,Not Hispanic or Latino,Asian,25
5e7b390c6747ba0008da081c,male,Hispanic or Latino,Multiracial,28
5c5c65f82b9837000195da29,male,Not Hispanic or Latino,White,68
5e42d790c1742f000c1e2a9b,male,Not Hispanic or Latino,White,28
5c7078b6ac711b00010846a9,female,Hispanic or Latino,Multiracial,20
5c101f812a1a620001f04007,female,Not Hispanic or Latino,White,65
5c888f3ba869d400019acb49,male,Not Hispanic or Latino,White,24
5e331de721bbd22ed15f2405,male,Not Hispanic or Latino,White,74
55b645bbfdf99b1c02906873,male,Not Hispanic or Latino,Multiracial,53
5c27b2157e42a600015bf8ef,male,Hispanic or Latino,Multiracial,19
59c0782e5364260001dc4740,female,Not Hispanic or Latino,Black,56
5ce753de5434fd001b47e9fc,male,Not Hispanic or Latino,Black,24
5bf322d817a7de0001cf6d50,female,Not Hispanic or Latino,White,68
5d184b040a274600013f7107,male,Not Hispanic or Latino,Black,27
5dd9ebd239bca1962e17e64c,female,Not Hispanic or Latino,White,47
5e6869e6fe7f431210ced3f1,male,Hispanic or Latino,Multiracial,18
5ce42b3454e33d001918923a,male,Not Hispanic or Latino,White,69
5de7389d3cf2796bf92fb918,male,Not Hispanic or Latino,White,32
5b846b48338a930001566887,male,Not Hispanic or Latino,White,68
5b33a01fa8327d0001003821,female,Not Hispanic or Latino,White,66
5dc1a1d0a4b6ac1091f0f4c2,male,Hispanic or Latino,Prefer not to disclose,21
5ae2641f5cd05500015ece71,female,Not Hispanic or Latino,White,62
5dfbc3a1946e978e69d8e586,female,Not Hispanic or Latino,White,63
5c2e2fa00b8ad80001aebf07,male,Not Hispanic or Latino,Black,19
5d329756062745001921494a,female,Hispanic or Latino,White,26
59042666cd3f250001dcf8f9,male,Not Hispanic or Latino,Multiracial,30
5e52d0122f5f952f2a7b6b28,male,Not Hispanic or Latino,White,35
5c0c458f07028b0001f6f685,female,Not Hispanic or Latino,White,64
5e55e83cc65ccb5ed547cb04,female,Not Hispanic or Latino,Black,21
5c1046b4c3871300012be287,female,Not Hispanic or Latino,White,46
5e5d57ccde7bcc0735c8bb93,male,Not Hispanic or Latino,White,65
5d6d95547481f10019db1f28,female,Not Hispanic or Latino,White,20
5d29120e4d046f0016a74a49,female,Not Hispanic or Latino,Asian,19
5dd33b9159b1b033ec2cf634,male,Not Hispanic or Latino,White,38
5e2721b01160079464059b5c,female,Not Hispanic or Latino,White,27
5e1f9c6e105841000c7740d9,female,Not Hispanic or Latino,White,34
5e711d9e908b46031e32138c,male,Not Hispanic or Latino,White,59
5c79a1f254c5d600015fc7af,male,Not Hispanic or Latino,White,25
5e1bade6f9046c3d292ce298,female,Not Hispanic or Latino,Asian,19
55b94954fdf99b45b103420b,female,Not Hispanic or Latino,Black,24
5e703830ffc1a960e852b107,female,Hispanic or Latino,Other,27
5dedebd38b2932497a59e663,male,Not Hispanic or Latino,White,19
5c381b1ce4dbd30001fbc9c9,male,Not Hispanic or Latino,White,41
5dcca2db88381e92c96b9ac5,female,Not Hispanic or Latino,White,25
5de579912238364fcdf1a97d,female,Hispanic or Latino,White,23
5b3512c6415e920001b55046,male,Not Hispanic or Latino,White,28
5d404bc74db54a0001fecb92,female,Prefer not to disclose,Multiracial,24
5e27fb1a28b7b6a0715e6991,male,Not Hispanic or Latino,White,20
59d3b5239e5232000164bbef,female,Not Hispanic or Latino,White,59
5e600f78c0bc8634cbe671ed,female,Not Hispanic or Latino,Black,20
5e528b3520410b292bb84dca,male,Not Hispanic or Latino,Asian,34
5c32e9588573070001641744,male,Prefer not to disclose,Asian,26
5cd321750316ed0017c81bcd,female,Not Hispanic or Latino,Multiracial,20
5e25dfb0c4edc4831d8c0e11,male,Not Hispanic or Latino,White,48
5b9b4cc406114100010660f0,male,Not Hispanic or Latino,White,27
5e86543a53859c0cad6cfcaa,male,Not Hispanic or Latino,Black,25
5d3923f8bdcf76001924f57e,male,Not Hispanic or Latino,White,59
5be8dd56d153f500019ab3cf,female,Not Hispanic or Latino,White,55
5e84b8443f064006f1b5215c,male,Not Hispanic or Latino,Black,33
5e6aeb4b4dc8de0ad55950fd,male,Not Hispanic or Latino,White,24
5caf69d015e92c00131700a8,female,Not Hispanic or Latino,Asian,24
5e668df31d7e1a4039d67b49,male,Not Hispanic or Latino,White,21
5e482100418f612c4d9775b3,male,Not Hispanic or Latino,White,28
5d34de398f657e00150dd0d5,male,Not Hispanic or Latino,White,58
5c3272172f0f3500010284c0,female,Prefer not to disclose,White,32
5e26f9275b32379235cbbe94,male,Not Hispanic or Latino,Asian,23
5deb3c192235ad24f4a21826,female,Not Hispanic or Latino,White,26
5e3d792b9aa116000bcb8b84,female,Not Hispanic or Latino,Black,25
594425f07ccfd00001d3f462,male,Not Hispanic or Latino,Black,23
5c2fcd716ea6880001dc8e3d,female,Not Hispanic or Latino,White,56
5de7f5d27c17f804d007da90,female,Not Hispanic or Latino,White,35
581dd1d1cccc4800017ab5c2,female,Not Hispanic or Latino,White,38
5b06d013732c5d000154dbf8,female,Hispanic or Latino,Multiracial,48
5e7a2ccd69a7770604dfb352,female,Not Hispanic or Latino,White,47
59d0fe53a5bbdd0001bf47b6,female,Not Hispanic or Latino,Asian,25
5e0979f7082675243a5e3c91,female,Not Hispanic or Latino,White,33
5b7fa64787d85f0001baf4fa,female,Not Hispanic or Latino,Multiracial,20
5e72e03464051f231da4487b,female,Not Hispanic or Latino,White,30
594859c6bee3110001b1b092,female,Not Hispanic or Latino,Black,29
5559a3a1fdf99b514bba308e,female,Not Hispanic or Latino,White,30
5bf720e60b616400019c6c6c,female,Not Hispanic or Latino,White,20
5dcf4136cf8e7e086ea019e4,female,Not Hispanic or Latino,White,52
5d8c4b8a6c75740018fd049c,male,Hispanic or Latino,White,23
5c7cf8b58ca9000001b52f6e,male,Not Hispanic or Latino,White,28
5e83d37956541b11d8a8734a,male,Not Hispanic or Latino,White,24
5d76bc8e529c4b00197aa4f2,female,Not Hispanic or Latino,Asian,21
5d3a2d1da46f450019cdf5d3,male,Not Hispanic or Latino,White,58
5cf3f7364bcc6400019d71fa,female,Not Hispanic or Latino,White,63
5e65d9479ab3e634e805006a,male,Not Hispanic or Latino,Multiracial,25
5d227f901e99f80018c60e1f,female,Not Hispanic or Latino,White,55
5e1f7b2a4c9b832b34e7c9d3,male,Not Hispanic or Latino,White,28
5d558ebe886e3f0020e90fce,female,Not Hispanic or Latino,Black,30
5d974512cb19b600164e21a9,female,Not Hispanic or Latino,White,49
598ba20f716a2c000187ce01,male,Not Hispanic or Latino,Black,48
5acb70baa3ba7a0001b4e67b,female,Not Hispanic or Latino,White,60
5d44ea38d7d4b80015384976,female,Not Hispanic or Latino,White,62
5e7d09e7f0a5a00c4a1ccf96,female,Not Hispanic or Latino,White,20
5cc8039e3ef93000171c96b8,male,Not Hispanic or Latino,White,33
5adbbdf1cd58990001e46912,male,Not Hispanic or Latino,White,49
5e6af189bdaa1a0b355f63ae,female,Not Hispanic or Latino,White,41
56ab103610b779000bcb4cb5,female,Not Hispanic or Latino,White,48
5dd1d1a051db1c23a1751a85,male,Not Hispanic or Latino,White,34
5e6e9ed7fb5afe4669c14542,male,Not Hispanic or Latino,White,24
5bdc8d12b2fff7000189b6f8,female,Not Hispanic or Latino,White,68
5e706891c396cc64388ef760,female,Hispanic or Latino,White,21
5c2e3ea54f0e840001c08da9,female,Not Hispanic or Latino,White,26
5dd359599595a13643f93d33,male,Not Hispanic or Latino,Black,45
5bd3bb15654665000102b469,female,Not Hispanic or Latino,White,55
5dd4a7c9c0823f494b158668,female,Not Hispanic or Latino,Multiracial,43
5de1ac810f8b6721970ab78a,female,Not Hispanic or Latino,White,44
5e8403df91be011665b49f7f,female,Not Hispanic or Latino,White,24
5a6f1ccade1f390001dbd8b7,male,Not Hispanic or Latino,White,36
5b566435d8348500012d2d65,female,Not Hispanic or Latino,White,67
5d49e0a96f4b310001c124bf,female,Not Hispanic or Latino,White,40
5e3f3ebc0fa771000bd26166,male,Not Hispanic or Latino,White,24
5dad59d38a78c7001a59e9e1,male,Not Hispanic or Latino,Multiracial,22
5e35005b59b1364c22aefd7a,male,Not Hispanic or Latino,White,39
5e850b0e390e520ec806b084,male,Not Hispanic or Latino,Black,34
5e1797da928b15062260e30e,male,Not Hispanic or Latino,White,68
5df9846d76f45070feedf075,male,Not Hispanic or Latino,White,57
5adc0bc8dee8590001b01a8e,male,Not Hispanic or Latino,White,31
5e7146ee69a3f1061774803b,female,Not Hispanic or Latino,Asian,49
58642f4de16d530001b34622,male,Not Hispanic or Latino,White,60
5d7182191742e10001d5fc94,female,Not Hispanic or Latino,White,54
5c479e4cdeaef300017e5c9c,male,Hispanic or Latino,American Indian/Alaska Native,29
5d6f332829c25100188a4a27,male,Not Hispanic or Latino,Black,25
5c5732a80a537a00019ea4eb,male,Not Hispanic or Latino,White,31
5d14c08b63f5660018e9c499,male,Not Hispanic or Latino,White,46
5be3b08c020df800016ecb39,female,Not Hispanic or Latino,White,51
595bdc5b57e9520001f78eef,male,Not Hispanic or Latino,Asian,40
5db0a97f127d4000117cdfa0,female,Not Hispanic or Latino,White,43
5d118de2c80b57001721f93e,male,Not Hispanic or Latino,White,26
5e7bf5421c5c21000cc7b6e3,female,Not Hispanic or Latino,Black,39
5dadfba804a8070016d5dc68,male,Not Hispanic or Latino,White,34
5e0e632e194d295c13ee5b81,female,Not Hispanic or Latino,Asian,32
54ea5b40fdf99b768609982f,male,Not Hispanic or Latino,Asian,31
5e52148e9a302e245eb71caf,female,Not Hispanic or Latino,Black,22
5c263f32867f660001ae1e29,male,Not Hispanic or Latino,White,60
5d99f1a45a1126001c5c0a84,male,Not Hispanic or Latino,White,37
5c330cefca23620001b262b1,female,Not Hispanic or Latino,Black,55
58cd449293499d00013488fe,male,Not Hispanic or Latino,White,57
5b2557ac8b4002000106cb20,male,Not Hispanic or Latino,White,48
5e4c56efdd24100b2ca392ba,female,Not Hispanic or Latino,White,34
5b97f70161c19e00018db4a8,male,Hispanic or Latino,Multiracial,35
5beb85a3af0b33000111304a,male,Not Hispanic or Latino,White,37
5588b04ffdf99b7a91e75ddb,male,Not Hispanic or Latino,White,52
5cabcfb2bf53e10001fa48ad,male,Not Hispanic or Latino,Asian,29
5dd3699ee73e6136c640f1cf,male,Not Hispanic or Latino,White,43
5dd4632322749745ce9a9fa7,female,Not Hispanic or Latino,White,41
5c567e2acc53750001751cb0,male,Hispanic or Latino,Other,71
5d4613a2da9cb60001aa4948,female,Not Hispanic or Latino,White,35
5e7b84f8c67949191491786f,male,Not Hispanic or Latino,White,30
5e35e8f41faa2559da20a5b6,female,Not Hispanic or Latino,Asian,23
5e6d3e1aa2fab5000bd47a97,male,Not Hispanic or Latino,White,33
5da956c25a994b001650f1e3,female,Hispanic or Latino,White,25
5aa6c4a4b5e2110001c73f69,female,Hispanic or Latino,White,32
5e72318254cb2015a07ef417,female,Not Hispanic or Latino,White,30
5dcef1425e9119034948cd9e,female,Not Hispanic or Latino,White,73
5c91fc9c183fb70012f3510a,male,Not Hispanic or Latino,White,48
5d2ba2f01d8d93001ec26b9b,male,Not Hispanic or Latino,White,53
5e542832505b9f08adc26982,female,Not Hispanic or Latino,Asian,23
5d62886927a84f00010fbbb4,male,Not Hispanic or Latino,White,33
54847013fdf99b0379939c8a,female,Not Hispanic or Latino,White,37
5e05ab290db892fcd8036b1a,female,Not Hispanic or Latino,White,47
5a6c076fd5d4cb0001d65a17,female,Not Hispanic or Latino,White,49
5cf4bf2e7e2e1400177f2cc8,female,Not Hispanic or Latino,White,33
559e7713fdf99b7a9a12410b,male,Not Hispanic or Latino,White,64
593d38ef06c3b80001d673f8,female,Not Hispanic or Latino,White,34
5bec51ea73b744000158e6e3,male,Not Hispanic or Latino,White,52
5b5b715192d8320001510a11,male,Not Hispanic or Latino,White,45
5c926d2a0ae1ea00156f71a0,female,Not Hispanic or Latino,White,61
5e6bba5459a3bd17473d4d6a,male,Not Hispanic or Latino,Asian,36
5e782c5d99df853a6f1315f4,male,Hispanic or Latino,White,28
5d964976b8040b001761467c,female,Not Hispanic or Latino,White,35
5e1038bc6e4db674b3df4b76,female,Not Hispanic or Latino,White,26
5a0af6457ecfc50001be11da,female,Not Hispanic or Latino,White,41
5e0583957dd477fb29fae7dd,female,Not Hispanic or Latino,Multiracial,21
5cba9a8a214b1a0016ccf708,female,Not Hispanic or Latino,White,40
5bea65135b7ff700013c946c,female,Not Hispanic or Latino,White,49
5e83b43765a5720e30b71b37,male,Not Hispanic or Latino,White,19
5b090f7f69326800019aa798,male,Not Hispanic or Latino,Asian,20
5d4f1741f20feb00190b6201,female,Not Hispanic or Latino,White,70
5b7ca6161e35f0000172fa14,female,Not Hispanic or Latino,White,34
57b60487e5b60d0001083aea,male,Not Hispanic or Latino,White,35
5d391aa474651f0017882b6b,female,Not Hispanic or Latino,White,41
5c1b97f889f0350001726def,female,Not Hispanic or Latino,White,58
5b707a406f0ed10001bfb973,female,Not Hispanic or Latino,White,33
5c003b5c2c8cc1000138e25f,male,Not Hispanic or Latino,White,27
5dd385759b610437592be0dc,female,Not Hispanic or Latino,White,52
5e14d563c4e155ae93907ae1,male,Not Hispanic or Latino,White,45
5d3c660793eb2d00017880db,female,Not Hispanic or Latino,White,24
5dd5d38b7f1bbf591aeda610,male,Hispanic or Latino,Multiracial,31
5b984dd258ee9f00012fbfd2,female,Not Hispanic or Latino,White,36
5c32331c70d93a00012338fd,female,Not Hispanic or Latino,White,60
5e70040c22eae45d9f51a1d9,male,Not Hispanic or Latino,Multiracial,27
5e373f33a42bce6daa55ea65,female,Not Hispanic or Latino,White,66
5ad6d2543660ef00019b8ce9,female,Not Hispanic or Latino,White,32
5864884ca7f6480001ed9725,female,Not Hispanic or Latino,White,44
5d87e122e951a10001c3811a,female,Hispanic or Latino,Multiracial,62
5d8e79ccd0e8b9001846e8a8,female,Not Hispanic or Latino,White,34
5c83f1ed20b39a001440b6b1,male,Not Hispanic or Latino,White,24
5ac015efe1099600016a5d17,female,Not Hispanic or Latino,White,30
5d354c9f1c1e8a001e521262,male,Not Hispanic or Latino,White,41
5e68083669f4cf0c05439f94,female,Not Hispanic or Latino,Multiracial,23
5c3388fa01439b0001a0adfe,female,Not Hispanic or Latino,White,36
5e3ccffb5bd1dc0c819ff94e,female,Not Hispanic or Latino,White,39
5dd597c897405455982d1b0c,female,Not Hispanic or Latino,Asian,40
559b1e92fdf99b426abb6227,male,Not Hispanic or Latino,White,40
5dc19bcd4fbd08108de60b13,male,Hispanic or Latino,White,52
5df2f2ed4c81b2201c6c782e,female,Not Hispanic or Latino,White,70
5d924b1fc48e5f0017ad2579,male,Not Hispanic or Latino,White,35
5dd0b075c944d1174e6e3c5a,male,Not Hispanic or Latino,Black,41
5bf6fc936c445d0001aeba98,male,Not Hispanic or Latino,White,39
5acc2d21436f550001003111,male,Not Hispanic or Latino,Black,29
59c0a297c458e800017b5499,male,Not Hispanic or Latino,White,50
55d4bf9d58c358000c3dbde9,female,Not Hispanic or Latino,White,58
5dbf5fe16849043f135aa2c0,male,Not Hispanic or Latino,White,32
5dd61a909ca8a35c14d8d610,female,Not Hispanic or Latino,White,59
55b237e6fdf99b19ea79d2f7,female,Not Hispanic or Latino,White,51
559fa17cfdf99b69c369d364,male,Not Hispanic or Latino,White,48
5e83a8bafb06b00ed70c32e3,male,Not Hispanic or Latino,White,35
5e7a3d4ecbf3760137f77a5b,female,Hispanic or Latino,White,28
5e50b4a8e6ef3b1027fa3a5d,male,Hispanic or Latino,White,24
5d277c0e28429200011c4fda,female,Not Hispanic or Latino,White,35
5de7b990c22a307259c2a5d3,male,Not Hispanic or Latino,White,63
5da787068af00600118fe431,female,Not Hispanic or Latino,Black,53
5c31847f10677f0001ddc781,female,Not Hispanic or Latino,White,35
5cd393e40ced9200010b2e9c,male,Not Hispanic or Latino,White,26
5decaec426ff0236a1941cc4,female,Not Hispanic or Latino,White,43
55a28851fdf99b602e6b05dd,female,Not Hispanic or Latino,White,67
5dd00858fbb5730f732b7c2f,female,Not Hispanic or Latino,White,33
5dd340e3e25acf34bf91032e,male,Not Hispanic or Latino,White,55
558fe633fdf99b3f6868bf45,male,Not Hispanic or Latino,Asian,30
5b6f49b7d60bdd0001ade437,male,Not Hispanic or Latino,White,64
5e3d8d90de328d044e7c6ffb,male,Not Hispanic or Latino,White,33
5e4aedd76f4883000e48bfe4,male,Hispanic or Latino,Other,26
5aa637861eda41000136d5d2,male,Not Hispanic or Latino,Black,29
5c55fec09fcbc40001dc50b5,male,Not Hispanic or Latino,White,43
569298838d93fe000dfa033c,female,Not Hispanic or Latino,White,68
5dd6d370194e486498e13ab6,female,Not Hispanic or Latino,White,45
576b0cef7f3abb0001fe94f1,male,Not Hispanic or Latino,White,27
55d35a55da14d7000595331e,male,Not Hispanic or Latino,White,56
59acabcd8a929800014ad8db,male,Hispanic or Latino,White,47
5d9e363c25ceaa0012574295,female,Not Hispanic or Latino,White,27
5a83cc572a842c0001fcaf7c,male,Not Hispanic or Latino,White,57
5d620e2c81e64c001a580927,male,Not Hispanic or Latino,White,37
5e2a425609072a0abb76094b,male,Not Hispanic or Latino,White,34
5de59f97e448c65315ec4a37,female,Not Hispanic or Latino,White,37
5a91877e777df200015fa0f5,female,Not Hispanic or Latino,White,60
5df97cf6deea2b70989b6528,female,Not Hispanic or Latino,White,49
595b93be7882150001240e21,male,Not Hispanic or Latino,White,61
5cf308da81ea050017a6151e,male,Not Hispanic or Latino,Multiracial,27
5b7e118e87d85f0001baac27,female,Not Hispanic or Latino,White,64
598fba148380cc00012a3ce7,female,Not Hispanic or Latino,White,34
5ca6bbf13b5fcf00100996e9,male,Not Hispanic or Latino,White,54
5e433ee571d7421d7e44d259,female,Hispanic or Latino,White,25
5e716677038618090d4fe3e8,male,Not Hispanic or Latino,White,32
5e42f74f5b772a18434cabf7,female,Not Hispanic or Latino,White,52
59ff85cb7542890001aa60f1,female,Not Hispanic or Latino,White,20
5c79bc94d454af00160e2eee,female,Not Hispanic or Latino,White,28
5e2394c45514e6642dd8c16a,male,Hispanic or Latino,Multiracial,34
5ce1f31a27efac0018821eed,male,Not Hispanic or Latino,White,45
5dd352c51c219b35931aefd1,female,Not Hispanic or Latino,Other,55
5e3dec90ce522506a9045e17,male,Not Hispanic or Latino,Asian,46
5563984afdf99b672b5749b6,male,Not Hispanic or Latino,White,39
5d42486206811e001ada5b4b,male,Not Hispanic or Latino,White,44
5e6b10ced2723d0c95cf4468,male,Not Hispanic or Latino,White,48
5dcf402982569a08ddd84086,female,Not Hispanic or Latino,White,52
5e6f930a8c586155bdfffc4b,male,Hispanic or Latino,White,27
5e19805e05e1512212e4789a,female,Not Hispanic or Latino,Black,19
5e75b3b5cf9c271200060583,female,Hispanic or Latino,Multiracial,18
5dd446ab87c1fd43fbb49aa1,male,Not Hispanic or Latino,White,49
5c9ebf067114700016da2813,male,Hispanic or Latino,Other,28
5c476d19e101a500012ec201,male,Not Hispanic or Latino,White,39
5b5c8d4e10aec90001ed4bee,female,Not Hispanic or Latino,White,21
5c2805401d4eb70001177bfc,female,Not Hispanic or Latino,White,33
5e67b8c9dfa1b705a81d59f5,female,Not Hispanic or Latino,White,50
558abceafdf99b65685f02b1,female,Not Hispanic or Latino,White,43
5e70093e52b4685dfd36f5f2,male,Not Hispanic or Latino,White,29
5c378798bef9a20001e3a01a,male,Hispanic or Latino,White,31
5cfd7167adab2f0016d1571f,male,Not Hispanic or Latino,White,41
5da689dc1ce19b0016500435,female,Not Hispanic or Latino,White,26
5b0c65c11e55760001b96e90,female,Not Hispanic or Latino,White,47
5b8f08cbb007ed0001aaa0bd,male,Not Hispanic or Latino,Asian,20
5a04869ff2e3460001edad2e,male,Not Hispanic or Latino,White,28
5ddcc7783c4937c326932594,female,Not Hispanic or Latino,White,45
5df97abeabec5d6fcbbc764d,female,Not Hispanic or Latino,White,68
5e470b9563f714033f4b7a7f,female,Not Hispanic or Latino,White,33
5e57613a151c201197693dd3,male,Not Hispanic or Latino,Multiracial,19
55883b3efdf99b4021921cb9,male,Not Hispanic or Latino,White,26
5deb05909f631c23193bbffd,male,Not Hispanic or Latino,White,22
5e5b190a0f5cbf314bd4ee5d,female,Hispanic or Latino,White,25
5dd6d2d11228d9667276c3b7,male,Not Hispanic or Latino,Multiracial,30
5d4a1c61be2a040001beaedb,female,Not Hispanic or Latino,Asian,28
5c69f9dd4b5bb30001b3d31c,female,Not Hispanic or Latino,White,50
5b91f3f9d99ca20001ef6d8b,female,Not Hispanic or Latino,White,58
5c4e58785994ca0001132982,male,Not Hispanic or Latino,White,49
5d4c7d1a2a25e5000114cf3b,female,Not Hispanic or Latino,White,56
5ae1e9328ee5bf00018c8332,female,Not Hispanic or Latino,White,38
5e6e442f779df43f9b825868,female,Not Hispanic or Latino,White,25
5a8b61fcf1408d000176b02f,female,Not Hispanic or Latino,White,62
580cab86b869700001d71628,female,Not Hispanic or Latino,White,57
58f5365dfb4d7500014aeebc,male,Not Hispanic or Latino,White,27
5e519c1b7243ea1d0aa361d6,female,Not Hispanic or Latino,White,31
5e7fb4743c00ce69510024fb,female,Not Hispanic or Latino,White,25
5c82c9a4d8302a00010639b8,male,Not Hispanic or Latino,White,29
5761c23632676f0007eb36b3,male,Not Hispanic or Latino,White,29
5c92cda483617d0010bef1b8,male,Not Hispanic or Latino,Asian,29
5deaf334789cb321c7f002c2,female,Not Hispanic or Latino,White,52
5c0727ff1d461400012b61ee,female,Not Hispanic or Latino,White,51
5de9863a5c91a40b4a969920,female,Not Hispanic or Latino,White,39
5d71adbe66edbe00013561e8,female,Not Hispanic or Latino,Asian,33
5ded91dac3aca145654c39cf,female,Not Hispanic or Latino,Black,21
5dee16d963c5794b4eec6b03,female,Not Hispanic or Latino,White,44
5d63179aa3b94d0001da4bb6,female,Not Hispanic or Latino,White,56
5c8d7f4ca5092100014b00a4,male,Not Hispanic or Latino,White,39
5de2b1568f5cd52ecc1b14b8,male,Not Hispanic or Latino,White,41
5d92832f82e59d001a0e7f1b,female,Not Hispanic or Latino,White,50
5d743ec4869c8f0019b35907,female,Hispanic or Latino,American Indian/Alaska Native,32
5b233660648d5b0001b7de87,male,Not Hispanic or Latino,White,66
5d14445a4e1adb0001bff411,male,Not Hispanic or Latino,White,29
5df58b28ecb3ea3ed1ceea37,female,Not Hispanic or Latino,White,24
5d05417d1a34960016e7457a,female,Not Hispanic or Latino,White,33
5cfe877d4aa9600016ac8728,female,Not Hispanic or Latino,White,37
5589cd58fdf99b18be3203af,female,Not Hispanic or Latino,White,35
570521cfde5095001018a0c8,male,Not Hispanic or Latino,White,49
55b74f71fdf99b6e0c49975b,male,Not Hispanic or Latino,White,42
5c735293742d0d0001115f83,male,Not Hispanic or Latino,White,50
5c5924c553fba80001bd7ad9,female,Not Hispanic or Latino,Black,33
5d314400b80d0a001785c382,female,Not Hispanic or Latino,Black,37
591f9101acfd340001376293,male,Not Hispanic or Latino,White,77
5c23c03889f035000173d7d7,female,Not Hispanic or Latino,Asian,27
5c1c74700036a80001193c24,female,Not Hispanic or Latino,Multiracial,32
5e3df34cfb9ed506f1028bb5,male,Not Hispanic or Latino,White,39
5e3730e29367056cd1c6f168,female,Not Hispanic or Latino,White,59
5d1a1b598eabd8000134603e,male,Not Hispanic or Latino,Asian,36
5e0d61d853e8464f3394f9c3,male,Not Hispanic or Latino,White,32
5d9538766b38a90019104f71,male,Hispanic or Latino,White,26
5caeb56feb05440017fd4817,male,Not Hispanic or Latino,White,28
59f232c71f4f55000108a0d6,female,Not Hispanic or Latino,White,50
5c43c90d5aca820001f73f6f,male,Not Hispanic or Latino,White,32
55a432fcfdf99b02ff6caf92,male,Not Hispanic or Latino,White,34
5c3fd0d4c2d0b700017d02cd,male,Not Hispanic or Latino,White,31
5c1ebf5f658e9200017ae7e9,female,Not Hispanic or Latino,White,42
5d6d7049fb6f6a0017ccce08,female,Not Hispanic or Latino,White,42
5bf5aa89d944c300012634cc,male,Hispanic or Latino,Prefer not to disclose,29
57bf14513c449a000189c89a,male,Not Hispanic or Latino,White,66
5c7010404a99c6000139851e,female,Hispanic or Latino,White,40
5dd47a0b5a40f2477debd3ae,female,Not Hispanic or Latino,White,42
5d2eac390aca250001e9c3e1,female,Not Hispanic or Latino,White,38
5e16c978783225c8108ef055,male,Not Hispanic or Latino,White,58
5cf7738aee94190018d73574,female,Hispanic or Latino,White,31
5dfc674a9195c6974e597c58,female,Not Hispanic or Latino,White,43
58a50aebbb9e0f0001aca2a7,male,Not Hispanic or Latino,Asian,41
559385f5fdf99b78e49c58e9,male,Not Hispanic or Latino,White,33
5a6f57166923df0001ef8d02,female,Not Hispanic or Latino,White,36
5e1510a1c76aa6b119558fd6,male,Hispanic or Latino,White,30
5e6138fd51dba20226f162a9,male,Not Hispanic or Latino,Black,39
5a063c2d844c7a00015e477d,male,Not Hispanic or Latino,White,31
5cad4750f4115800176d506e,female,Not Hispanic or Latino,White,40
5afafdf27245f60001157545,male,Not Hispanic or Latino,White,28
55dd3e6450a1f7001090e2e5,male,Not Hispanic or Latino,White,32
5c2c62542c45d400014a32e6,male,Not Hispanic or Latino,Asian,26
5cf61f1ec0d98b00196ebc90,female,Not Hispanic or Latino,White,30
57dd766bbcd7150001ded5de,male,Not Hispanic or Latino,White,51
5a5e2bbfacc75b00017a8d93,male,Not Hispanic or Latino,White,62
5da978f61844f20014bf9933,male,Not Hispanic or Latino,White,31
576787093c6f2e0001bd472e,female,Not Hispanic or Latino,White,56
5800e50de3536e00012840f4,female,Not Hispanic or Latino,White,63
5dd6e8e3e426bd67d5b1c7e0,female,Hispanic or Latino,Asian,46
5e5293866f83902a1858dc08,male,Not Hispanic or Latino,White,40
5e16200e9195c6c0ec0b0e92,female,Not Hispanic or Latino,White,62
5c4af67cdccaa800016b3192,male,Not Hispanic or Latino,White,38
5dffe7b15a3425c08d0c4d93,male,Hispanic or Latino,White,26
5e649034feba20212bb729db,male,Not Hispanic or Latino,White,28
5c2fcf0aa945190001be8c68,male,Not Hispanic or Latino,Asian,25
5a7e02cc000dab00018c5e3c,male,Not Hispanic or Latino,White,34
5e3f6b251d15101c5251d8b7,male,Not Hispanic or Latino,White,65
59dc458f77860e000151240e,male,Not Hispanic or Latino,White,37
5ddab4c559b1b0a089f10680,female,Not Hispanic or Latino,White,63
546ec14dfdf99b2bc7ebd032,male,Not Hispanic or Latino,Asian,55
5e6cbcbc4b1e3727b86b6327,male,Not Hispanic or Latino,Black,27
5987e920eef500000111e1ac,female,Not Hispanic or Latino,White,60
5ca272f5caf59c0001a942cb,female,Not Hispanic or Latino,Black,30
5e7c021e2b00612482e357fc,male,Not Hispanic or Latino,White,42
5e6819e8d474f20c880e5ccb,male,Not Hispanic or Latino,White,56
5c74e7e9c3fe130001e86cc8,female,Not Hispanic or Latino,White,31
56c2f65cc51218000c9786ff,male,Not Hispanic or Latino,White,36
562e4469733ea00005163785,male,Not Hispanic or Latino,White,45
5df81cd72713055bdf02efd8,male,Not Hispanic or Latino,White,42
5d8934dc4c680f00181616f8,female,Not Hispanic or Latino,White,32
5e2d9faa72e2fa39058e5b4a,male,Not Hispanic or Latino,White,36
5afa5252672ea800010d97e6,female,Not Hispanic or Latino,White,32
5d89487b241e9c0015e25844,female,Not Hispanic or Latino,White,30
5d1e5ece2e9ac30016b522c5,female,Hispanic or Latino,White,39
5e1fa60088eb2e2d97c4a4a7,female,Not Hispanic or Latino,Asian,49
5a6d3a19e6cc4a0001b6c47a,male,Not Hispanic or Latino,White,51
5993020a5f49420001caf86b,female,Not Hispanic or Latino,Asian,50
5dfe8e7bdc8535b21b18ea2f,male,Not Hispanic or Latino,White,40
5a4bf09053a4560001ba0ebf,male,Not Hispanic or Latino,White,32
5d38dd61cd5594000137c4be,male,Not Hispanic or Latino,White,28
5e2acd00454b3f000d41d3e3,male,Hispanic or Latino,Multiracial,22
5e69873c938d32244e113c95,male,Not Hispanic or Latino,White,64
5d8076e9fdae37001cc20d6e,male,Hispanic or Latino,White,22
5d8a4a5b57f2f50001906436,male,Not Hispanic or Latino,White,48
5e0378a7b199e4e7e6ccd8e9,male,Not Hispanic or Latino,White,25
5b97f8988ae8150001c7a887,male,Not Hispanic or Latino,White,41
5be8846293ca1f00014db03c,female,Not Hispanic or Latino,White,53
5dd3648c10420036f4141f18,male,Not Hispanic or Latino,White,46
5a3c39f08d005a000182a1c6,female,Not Hispanic or Latino,White,59
5be61e64aa1dd8000142f043,male,Not Hispanic or Latino,White,67
5b15d20c444cef0001cb1153,male,Not Hispanic or Latino,Black,35
5c0f93c3367ee90001254199,male,Not Hispanic or Latino,White,32
5c69ec2a51ea580001da65ae,female,Not Hispanic or Latino,White,44
5dcfee797aa0d60e609d28e0,male,Not Hispanic or Latino,White,31
5af5262f1b55800001f4a418,female,Not Hispanic or Latino,White,46
5bfcaea90ef039000138174a,female,Not Hispanic or Latino,White,29
5d332957d0635b00013bd785,male,Not Hispanic or Latino,White,25
5dd56e51954d1952f17bb57b,female,Not Hispanic or Latino,White,66
5e7fbf90e06daa01664bc717,male,Not Hispanic or Latino,Multiracial,27
5e1ab52f6a9bac30cbc3214d,female,Not Hispanic or Latino,White,28
5df040fa82b88c0a7c698dd8,male,Not Hispanic or Latino,White,51
5e725b947d589c19857e3fe1,female,Not Hispanic or Latino,White,30
5c3d4b92486a390001e87dfe,female,Not Hispanic or Latino,White,57
5cb568ebf0e31e0017d9bf32,female,Not Hispanic or Latino,White,35
5dcf4fb1181abc09aa499cd8,female,Not Hispanic or Latino,White,55
5642af61942576000566efda,male,Not Hispanic or Latino,Black,30
5c3a87a61ede2b000115cf76,male,Not Hispanic or Latino,White,48
5e1af8253be58733337dfa54,female,Not Hispanic or Latino,White,23
5dd2c627ac504a2d078dc2ec,female,Not Hispanic or Latino,White,26
58644414ac950900013dda4b,female,Not Hispanic or Latino,White,47
5acba5505cd10500016280eb,female,Not Hispanic or Latino,White,27
5d5b7e9d47c19900019db3c3,male,Not Hispanic or Latino,White,32
5d8a64630ffb9c001746ca2c,male,Not Hispanic or Latino,Asian,60
5c5ac2869d974300015d81fc,male,Not Hispanic or Latino,White,33
5d100e740277ff00152f7562,female,Not Hispanic or Latino,White,43
5dfe69ed11d879b042404a8b,female,Not Hispanic or Latino,White,39
5dd3443416d10c35c37ab9b2,male,Not Hispanic or Latino,White,39
5c1baf8fdbc4da0001648218,female,Hispanic or Latino,White,60
5dd4717e8ed6bf469548363d,male,Not Hispanic or Latino,White,30
56547b0d042127000d4a1111,male,Not Hispanic or Latino,White,41
5dd86784dcec8782b85cb5bb,male,Not Hispanic or Latino,White,54
5c628464519bc50001cc09b3,male,Not Hispanic or Latino,Black,47
5e5e5b2488479216d9171d1b,female,Not Hispanic or Latino,White,55
5a791168f49c9a0001f31061,male,Not Hispanic or Latino,Black,42
5c670a430d80fd00014264f9,male,Not Hispanic or Latino,Asian,35
54e32a60fdf99b3eae9de85b,female,Not Hispanic or Latino,White,35
5596cdbbfdf99b3b5597ba91,female,Not Hispanic or Latino,White,56
579e09bd4d107800016dd938,male,Not Hispanic or Latino,Asian,53
5d40da980af3a7001a3ee980,male,Not Hispanic or Latino,Asian,30
5c0fff76e6eb4e0001b27f20,female,Not Hispanic or Latino,White,26
5aebb10baa05510001ff6500,male,Not Hispanic or Latino,White,21
5dea9fb3cb53ca1cda9f6116,female,Not Hispanic or Latino,White,37
5cb60f1eefd4130001bbfdb7,male,Hispanic or Latino,White,27
5d7583593a535600190c2e5b,male,Not Hispanic or Latino,White,31
5ddf3a3a23f9f1eabaf02ad5,female,Not Hispanic or Latino,White,34
5e7fde3e6db6e86c7a24f869,male,Not Hispanic or Latino,Asian,35
5a99003d777df200015ff521,male,Not Hispanic or Latino,White,38
5b93b5481b20d100018f0b97,male,Not Hispanic or Latino,White,73
5db9a46ff8e3f9000f88cb85,male,Not Hispanic or Latino,White,62
5dd32014b51b3e33ec0d07cc,male,Hispanic or Latino,White,44
5d10eaf23afd390019075267,female,Not Hispanic or Latino,White,24
5d50e977b0386d00013e105c,male,Not Hispanic or Latino,White,21
5e654c6dc302df2ce7b2ef91,male,Not Hispanic or Latino,White,26
5cbf5b488be75a0016b49758,male,Not Hispanic or Latino,White,41
5d02e02a2c5da00001474340,female,Not Hispanic or Latino,White,44
5d49f195061e2a000138b69f,female,Not Hispanic or Latino,White,29
5e523ca8df9ae92581169f1d,male,Not Hispanic or Latino,White,22
5e4a1730c94447480594cea4,female,Not Hispanic or Latino,White,33
581649f0b434f0000184d2a9,female,Not Hispanic or Latino,White,27
5d4a41890e604c00011ade8b,male,Not Hispanic or Latino,Asian,24
5bf350a017a7de0001cf746a,male,Hispanic or Latino,White,29
5d16dec73ecb0f001e63fb33,female,Not Hispanic or Latino,White,30
5a6ab0fbab58b500015f29db,female,Hispanic or Latino,White,40
5c22f28d70d93a0001201738,male,Not Hispanic or Latino,White,54
5c775f3a1d2afc0001f49d03,female,Not Hispanic or Latino,White,26
5dcf1f34da167d0705efa0a7,male,Not Hispanic or Latino,White,32
559c3ad8fdf99b32b55f2d32,female,Not Hispanic or Latino,White,43
597fe89a1b41a20001749f57,female,Not Hispanic or Latino,White,42
5dedf0483711364928753ecd,male,Not Hispanic or Latino,Asian,34
591d369e88bbb500013a8517,male,Not Hispanic or Latino,White,48
5bf150273941490001fd47fa,female,Not Hispanic or Latino,White,45
59c843b646f72100019067ce,female,Prefer not to disclose,Prefer not to disclose,48
5e3581ed0082f15283413024,male,Not Hispanic or Latino,White,59
5c50c73cecd461000198fea1,male,Not Hispanic or Latino,White,27
5e690554a0274319a0f5d3bd,male,Not Hispanic or Latino,White,33
5dbdbc9da319ab2ecf2a0887,female,Not Hispanic or Latino,Black,27
5781c15381f331000139a89e,female,Not Hispanic or Latino,White,32
5a9c44d2f05361000172055b,male,Hispanic or Latino,Multiracial,30
5debce5335575a2bed69acc6,male,Not Hispanic or Latino,White,54
5c720c7278263500015665f9,male,Hispanic or Latino,White,37
5c28c65636efd800010f30fb,female,Not Hispanic or Latino,White,30
5c35132e48ad2900017e535e,female,Not Hispanic or Latino,Asian,23
59f226a9d6380600018b2923,female,Not Hispanic or Latino,White,56
5dd331cfdd9a7434e8a26337,male,Not Hispanic or Latino,Black,40
572036a1fd3a5200093c126b,female,Not Hispanic or Latino,White,42
5d7a66f0af1dc10001d9cc50,female,Hispanic or Latino,Multiracial,24
5a79f14a8fe2dc00010593eb,female,Not Hispanic or Latino,White,30
5d6fbd3f9ba41b0018d20082,male,Not Hispanic or Latino,White,58
5b9efb73d1ff7a00013bfe84,female,Not Hispanic or Latino,Multiracial,52
5e3ac9d20d41ad2da023d9ae,male,Not Hispanic or Latino,White,36
5c49484a6d9ae80001a1aa72,male,Not Hispanic or Latino,White,41
5deb638bff7f7126d6fb5142,male,Not Hispanic or Latino,White,44
5a127fc7c259f30001766641,male,Hispanic or Latino,White,39
5d6d54f672f55a00010507d8,male,Not Hispanic or Latino,Asian,22
5d0e9d1bf403080016411381,male,Not Hispanic or Latino,White,47
5b182365316c630001abff4f,female,Not Hispanic or Latino,White,33
5deac9f909c1071f9ea11d18,female,Not Hispanic or Latino,White,50
55d234565bc5bc0005d90389,male,Not Hispanic or Latino,White,29
5d913db636ea240014f8cd91,female,Hispanic or Latino,White,30
5e4a833ea1b43a000cecd75b,male,Not Hispanic or Latino,White,27
5a84f454ae9a0b0001a9e4e5,male,Not Hispanic or Latino,White,43
5d60b5beea1c1c0001c98bf6,female,Not Hispanic or Latino,White,62
5dcc27974b54778b69e62ec5,female,Not Hispanic or Latino,White,44
5e729bd09064481e6783f224,female,Not Hispanic or Latino,White,42
5bcf9a4765502300013b74a6,male,Not Hispanic or Latino,White,54
5e435ed03514ba1f93343a78,female,Not Hispanic or Latino,White,40
5dd4189ef30aa640b4e9c094,male,Not Hispanic or Latino,White,55
558a327cfdf99b2d75651681,male,Not Hispanic or Latino,White,53
5bf9bd81549c180001dab194,male,Not Hispanic or Latino,White,54
5b2bfb37163ead00013fb8b4,female,Not Hispanic or Latino,White,55
5bc2c49f83f9420001011bf8,male,Not Hispanic or Latino,Asian,52
5dcdef4dd30a0e0acb5b6fba,male,Not Hispanic or Latino,White,46
5594914efdf99b5eeb772732,male,Not Hispanic or Latino,White,57
56e130548b1c33000a388671,male,Not Hispanic or Latino,White,26
5a01a0fd728b1b0001ad89f8,male,Not Hispanic or Latino,White,32
5cd0e4af28bcd80019de6905,male,Not Hispanic or Latino,White,45
5cb3ca4e66fddc001481db61,female,Not Hispanic or Latino,White,50
5c223d4a4a7e1f000137e5b9,male,Not Hispanic or Latino,White,31
5c27e76978fad500019328cc,male,Not Hispanic or Latino,White,35
5c856d52bce73c00018c4508,female,Not Hispanic or Latino,White,60
5d61c17892a38a0001d83e30,female,Not Hispanic or Latino,White,35
5e65c44dde789633b3a303d9,female,Not Hispanic or Latino,White,34
5d73b97a40e4bc00019e1db8,female,Not Hispanic or Latino,White,24
55a43cf3fdf99b02ff6cb0b4,female,Not Hispanic or Latino,Multiracial,43
5c28113978fad50001932f58,male,Not Hispanic or Latino,White,30
5c82a8cdfff8430015e9942f,male,Not Hispanic or Latino,White,32
565e0169998e44000a4bdab1,male,Not Hispanic or Latino,White,38
5920b1f62b529b00013f3214,male,Not Hispanic or Latino,White,56
5d3515c39ce6590017010766,female,Not Hispanic or Latino,White,39
5bc5552a23ecbb00012d6cb5,female,Not Hispanic or Latino,White,64
567dd32b4f0ef30006dbb718,female,Not Hispanic or Latino,Black,53
5d33eba92fd5a40016e58abb,female,Not Hispanic or Latino,Black,30
5caec6b270da3100017f35de,male,Not Hispanic or Latino,Asian,60
5ae7f99bd5ec5e000175f097,male,Not Hispanic or Latino,White,37
5e1ccb298f3c65054bd232c1,female,Not Hispanic or Latino,White,32
5e415a5f9dd805382f0b6af9,male,Not Hispanic or Latino,Asian,47
570b8aa8b9b52b00102d97f2,female,Not Hispanic or Latino,White,67
549ea92efdf99b4ffa5fa208,female,Not Hispanic or Latino,White,34
55c43918fdf99b080551e044,male,Not Hispanic or Latino,Asian,32
5e29c3e725dcfd01cef9f474,female,Not Hispanic or Latino,White,42
5e498a4fd2a6e53fb7b1840e,female,Not Hispanic or Latino,Black,48
5c5fc0136467ac0001b80940,female,Not Hispanic or Latino,White,53
5e5c91241b530a000c03d815,male,Not Hispanic or Latino,White,42
59d5126df35ff40001914d8e,female,Not Hispanic or Latino,Multiracial,60
5c3e82e91580e9000122d204,male,Not Hispanic or Latino,Asian,34
5c309bb410677f0001dda0ed,male,Not Hispanic or Latino,White,39
5dbe3345a262de347e900665,male,Not Hispanic or Latino,White,29
5d96203d74f4a000159a8c58,male,Not Hispanic or Latino,White,48
5d83d2f1ae7a8b00017ec6a9,male,Not Hispanic or Latino,White,39
5dd3396efd5b2834c06111ac,male,Not Hispanic or Latino,White,50
5ce1c42ca80ce0001a4aeb82,male,Not Hispanic or Latino,White,53
5dc8d871031ed662f4e63291,male,Prefer not to disclose,Prefer not to disclose,41
5e04f438afb8b0f5afa75f08,male,Not Hispanic or Latino,White,34
5bf1c289a34fea0001ddbe06,male,Not Hispanic or Latino,White,36
5ddf3b59b48da3e9ffc7e2d8,female,Not Hispanic or Latino,White,55
5de312e0733464341f5327a0,male,Not Hispanic or Latino,White,64
5dbd1569f8223b28d73ed6ae,female,Not Hispanic or Latino,White,65
5e2cc504032d282ef44a2c41,female,Not Hispanic or Latino,White,57
5ce2f6723f8060000109feab,female,Not Hispanic or Latino,White,42
5e5ee89299b03c22a97ff062,male,Not Hispanic or Latino,Asian,23
5d74001d391b6600175f433b,female,Not Hispanic or Latino,White,31
5bddc463712eb800010d2e4d,female,Hispanic or Latino,Black,24
5e76d2652d882b2481d65066,female,Not Hispanic or Latino,Asian,20
5d62239454f7a50001c70f03,female,Not Hispanic or Latino,Black,20
5c565e4ae66e510001ee8fce,female,Prefer not to disclose,Prefer not to disclose,24
5e606b5b1d34273bfbe0422b,female,Not Hispanic or Latino,White,21
5cfb68f1921204001b8fdd45,female,Not Hispanic or Latino,White,35
5dbe22f6bdff2433c1b19850,female,Not Hispanic or Latino,Black,21
5d49a0b751695e0001a188a8,female,Not Hispanic or Latino,White,55
5e5891186551fe09b1c20fce,female,Not Hispanic or Latino,Black,20
5e59abf6a2f2c51b5edabbf1,male,Not Hispanic or Latino,White,37
5e3795c88390cf719c3d6603,female,Not Hispanic or Latino,Black,22
5e121701dc79bd8a1a22ca99,female,Not Hispanic or Latino,White,49
5db6f5c8c5ffeb000ac7cfb2,female,Not Hispanic or Latino,Asian,43
5e607be2b156963d0fa650d7,male,Not Hispanic or Latino,White,22
5e3d8ef3b9b9e3043d928529,female,Not Hispanic or Latino,Black,25
5e0d6dee4f40fb4f60fc0494,female,Not Hispanic or Latino,Black,27
5e0f443e8205266652153f5e,female,Hispanic or Latino,Multiracial,25
5e8421d0df483e18852ff25e,female,Not Hispanic or Latino,Multiracial,26
5dd1f5dc80628723e3d506c5,female,Not Hispanic or Latino,White,61
5cbf7734aae1180017942e45,female,Not Hispanic or Latino,White,50
5dc0ac2c441a2105cbb3bb0f,male,Not Hispanic or Latino,White,32
5c796f4b4855980016a15557,female,Not Hispanic or Latino,White,44
5e1ce60964b30e000cb79c1a,female,Not Hispanic or Latino,White,56
5e0d256753e8464d64940925,female,Not Hispanic or Latino,White,52
5deb430335575a25f8ec22b9,female,Not Hispanic or Latino,White,28
5699974f25d9e90006b08be4,male,Not Hispanic or Latino,Asian,28
581d5500930a280001062d83,female,Not Hispanic or Latino,White,63
5e6445748a25da1ce689a14c,female,Not Hispanic or Latino,Black,20
5e57326738fb3a0e59321c1f,male,Not Hispanic or Latino,Asian,19
5c0262307e7bca000123e41b,male,Not Hispanic or Latino,White,25
5e5578c220b63957aeea65dd,female,Not Hispanic or Latino,White,18
5be8d4af25507300010dd4e4,female,Not Hispanic or Latino,White,46
5dbd3613d54c4929d11b8117,male,Not Hispanic or Latino,White,30
5c228e5c867f660001ad66be,female,Hispanic or Latino,White,22
5d7c8220f408ea00185c0c92,female,Not Hispanic or Latino,White,32
5a9493ce873cda0001dc6dfb,female,Not Hispanic or Latino,White,29
5e7169b191be1c08a9684554,female,Not Hispanic or Latino,Black,18
54924b8efdf99b77ccedc1d5,male,Not Hispanic or Latino,Asian,23
5970ce4e5fa69e0001fc7381,female,Hispanic or Latino,White,25
5cf7dd949b3f4d0018a798b6,female,Hispanic or Latino,Prefer not to disclose,25
5c3fb71b36052e00016bb1a6,female,Not Hispanic or Latino,White,50
5c0017c8f4fb890001d68650,female,Not Hispanic or Latino,Black,60
5cb912a2e254c8001754eabd,female,Not Hispanic or Latino,Asian,25
56492ba96902220005c4a768,female,Not Hispanic or Latino,White,22
5e167aa29195c6c5bd83b031,male,Not Hispanic or Latino,White,22
56e5b167b2093a000b4f1345,female,Not Hispanic or Latino,White,26
5e718c86686c0c0b7759f340,male,Not Hispanic or Latino,White,20
561d98e03d7fe8000b0f5e09,female,Not Hispanic or Latino,White,62
5e2e9c7388448746ab366b7f,female,Hispanic or Latino,Other,23
5e7da5d226ed71438566a7d8,female,Not Hispanic or Latino,Multiracial,20
5d0fbedf101793000168ef7a,male,Not Hispanic or Latino,White,19
5e799448fb3c7055cdee5ecd,female,Not Hispanic or Latino,White,23
5c9c05678ba35500015dbc29,male,Not Hispanic or Latino,Multiracial,55
5e7d0b3b0d34ae38edea53c2,male,Not Hispanic or Latino,Asian,19
5e8410cf58d87216e5a20315,female,Not Hispanic or Latino,Asian,18
5dced8b0af16d302f42d6ac4,male,Not Hispanic or Latino,White,59
5e6520251cbc9729feb32292,female,Not Hispanic or Latino,Asian,23
599eaf0fbfd73c00010ea24e,female,Not Hispanic or Latino,White,41
55b3120cfdf99b6ef6263a71,female,Not Hispanic or Latino,White,52
5e7377566cfd2c2bfadfe467,female,Not Hispanic or Latino,Black,54
5dd31d3216d10c341d2d2c7e,female,Not Hispanic or Latino,Black,34
5bdc9b4780cdcf0001bc4c24,male,Not Hispanic or Latino,White,51
5e7bc10939f0d10b16c5f79b,female,Not Hispanic or Latino,White,37
5dd35813794e103649612ffd,female,Not Hispanic or Latino,White,52
57027c1f68c641000e0c8970,female,Not Hispanic or Latino,White,41
589fc07f1521230001ebf494,female,Not Hispanic or Latino,White,40
5a0f3524087f2e0001eaed5c,female,Not Hispanic or Latino,White,47
5c41c28e896e090001c03bb0,female,Not Hispanic or Latino,White,42
5e83acf739dc7e0fae3900ce,female,Not Hispanic or Latino,White,28
5c2be72c59ce110001073428,male,Not Hispanic or Latino,White,38
5e18241da01d35102555c69b,male,Not Hispanic or Latino,White,26
5e2be6efe179572183644844,male,Not Hispanic or Latino,White,44
5589cf61fdf99b18bd86d076,female,Not Hispanic or Latino,White,62
55f244e632af740012170458,male,Not Hispanic or Latino,White,38
59e980be6100f9000194a869,male,Not Hispanic or Latino,Asian,36
5d3cfeabbaf11000151ed4cd,female,Not Hispanic or Latino,White,20
56f2a06ced0cf6000b9109fd,female,Not Hispanic or Latino,White,65
5e00a9b74acfb9c9723a9a59,female,Not Hispanic or Latino,White,28
5e06ecd524f9390991997bb7,female,Not Hispanic or Latino,White,24
5cb882d33f0af9000159e00f,female,Not Hispanic or Latino,White,57
5c83f2cb36f2450001c860ed,male,Not Hispanic or Latino,White,66
5e77dd22a02ca535d408b61f,male,Not Hispanic or Latino,White,27
5e83cddbac910b1255564ab1,male,Not Hispanic or Latino,Asian,18
5e743a1d8c8f273b566b864f,male,Not Hispanic or Latino,White,25
5c4e7b34620ba700010c5dc6,male,Prefer not to disclose,Multiracial,28
5dea5ba4446c901777bde897,female,Not Hispanic or Latino,White,41
5e1527aba99550b4037c472f,female,Not Hispanic or Latino,White,44
5c7b22abe926fc00160b49a6,female,Not Hispanic or Latino,Multiracial,64
5e6fcb44a2b73d58a1273627,female,Not Hispanic or Latino,Asian,18
5b23d0784fb0d40001e95407,female,Not Hispanic or Latino,White,21
5b745fb794c93d00010fc4c6,male,Not Hispanic or Latino,White,44
5db741cc04b632000a9a9800,female,Not Hispanic or Latino,White,19
5e6550ab777c592d731cc94b,male,Not Hispanic or Latino,Black,18
5d422e095a696a0019afa849,female,Not Hispanic or Latino,White,45
5dfbc3d9d62abe8e853f2a09,female,Not Hispanic or Latino,White,50
5c889a24d245310001683faa,male,Not Hispanic or Latino,Asian,19
5c0f500787e876000151fc5f,male,Not Hispanic or Latino,White,40
5e7bc9097c3dc10d282d65e2,male,Not Hispanic or Latino,Multiracial,33
5e0e32ee1d4607573dc85b1f,female,Not Hispanic or Latino,White,39
5e1fc8d45427912f6143b012,female,Not Hispanic or Latino,White,57
5dd0098e01fadf0fa6c3a15f,female,Not Hispanic or Latino,Asian,34
5a5a31b88e6259000175f6ae,female,Not Hispanic or Latino,White,53
5dd4bd7ae4f4a0499548a810,female,Not Hispanic or Latino,White,36
5df3f2c558a5c72d724a22ef,female,Not Hispanic or Latino,White,61
5d5f31230fc94a001c632b69,female,Not Hispanic or Latino,Black,25
5e04c32dd62abef29ebb9122,female,Not Hispanic or Latino,White,48
5dc483cf74939e34e55c3619,male,Not Hispanic or Latino,White,69
5e700bdb6319c15ed8726932,female,Not Hispanic or Latino,White,21
5d8d1125381d43001936e5a9,female,Not Hispanic or Latino,Asian,19
5d86d05f9854a60019240621,female,Hispanic or Latino,Multiracial,47
5e6bf9f5b66f921aeb75b5b7,male,Not Hispanic or Latino,White,32
5e3d99079ffecf000eff5686,male,Not Hispanic or Latino,White,47
56721761980a3c0011277389,female,Not Hispanic or Latino,White,48
5e7e89cc4fd114104a39fb88,female,Not Hispanic or Latino,White,23
5e53950380aa2c3958b44923,female,Not Hispanic or Latino,White,25
59d75f1b8fd07a0001841feb,male,Not Hispanic or Latino,White,66
5e5c56b36175cb43f89fe34e,female,Not Hispanic or Latino,White,21
5d80634181aa40001819e755,male,Not Hispanic or Latino,White,32
5d46c3ac090549001867b746,female,Not Hispanic or Latino,White,42
5dd3d566e05cad3b130de19a,male,Not Hispanic or Latino,White,38
5e761a1c409bdd17b294f631,female,Not Hispanic or Latino,Asian,23
5dcf40686d5225091e31fe14,female,Not Hispanic or Latino,White,36
5dd37d08c6588f38120fb465,female,Not Hispanic or Latino,White,47
5dcf6d762e4a050ac2cba07d,male,Not Hispanic or Latino,White,50
5d63867550d0dd0017805976,male,Not Hispanic or Latino,White,36
5d4ac837d2844e0001ecf699,female,Hispanic or Latino,Asian,32
5dae25fc2e361800135fbd02,female,Prefer not to disclose,White,57
5dd5bc3bd5cef8000b9861d5,male,Not Hispanic or Latino,White,29
5dd95e3c2274978e775f2aff,male,Not Hispanic or Latino,White,24
5de17df32cf2041dc1c2d8ad,male,Not Hispanic or Latino,Asian,22
5aadbe52811b2000016f7633,male,Not Hispanic or Latino,White,33
5ce7b20479642d00197682ea,female,Not Hispanic or Latino,White,43
5cfea2427b91e70001423ffb,male,Not Hispanic or Latino,White,31
5d0eb8f40c09d600174dca28,female,Not Hispanic or Latino,Black,51
593ab35d51244c00013dcb69,male,Not Hispanic or Latino,White,54
5e30e028dea8d60e2ab7abd6,female,Not Hispanic or Latino,White,25
5c313f27867f660001b0601c,female,Not Hispanic or Latino,White,63
5e0f69380fb798000a199566,female,Not Hispanic or Latino,White,40
5cbcfce214b3cb0015f03471,male,Not Hispanic or Latino,White,41
5d6029ee4bfc3b001a6f8d4d,female,Not Hispanic or Latino,White,43
5e770f11a9d3b527c662aa23,female,Not Hispanic or Latino,Asian,40
5dd0c43acaee3e187643d32b,male,Not Hispanic or Latino,White,20
5a98b39b89de8200013ef94f,male,Not Hispanic or Latino,Black,22
5e7b58cdb706bb1489647f8c,female,Not Hispanic or Latino,White,56
5d52f6bdc93322000116f8dc,male,Not Hispanic or Latino,White,40
5d82d28977546f00166ae702,female,Not Hispanic or Latino,Asian,33
5c925b0fb138fe0014e4036b,female,Not Hispanic or Latino,White,44
5aea6a11b779850001926eb6,male,Not Hispanic or Latino,White,28
5c314de6d5fc960001d2cb93,female,Not Hispanic or Latino,White,37
5e7d4a88b427291221e44296,female,Not Hispanic or Latino,White,23
5dd06a074ad3e2149c884661,male,Not Hispanic or Latino,White,59
5b6bacf00afa6f000107210f,female,Not Hispanic or Latino,White,60
5e5529ffd4c2b6526cb82340,female,Not Hispanic or Latino,Black,49
5aa117356475f90001a02fd6,female,Not Hispanic or Latino,White,34
5bd9f569eb22f2000183df4e,female,Not Hispanic or Latino,White,43
5c5f8a910edbd90001e1feda,female,Not Hispanic or Latino,White,66
5d88dcb723dfcc00151fd043,female,Not Hispanic or Latino,White,59
5e647d0ce35c88208fdbbb06,female,Not Hispanic or Latino,White,24
5dbee94de0a6e839b5a23898,male,Not Hispanic or Latino,Black,27
5e064785e297d502d4f2b15f,female,Not Hispanic or Latino,White,42
5cf1b0f475b61a0001d00408,female,Not Hispanic or Latino,White,34
5e38e49a8445881060c60eaf,female,Not Hispanic or Latino,White,48
5c7e942db38a220015ea809d,male,Not Hispanic or Latino,White,29
5b49eba46a4f840001f77485,female,Not Hispanic or Latino,White,48
5e2f4df549436751a44c8d8e,male,Not Hispanic or Latino,White,36
5e6d6545993427329a35b800,female,Not Hispanic or Latino,White,26
5d524355917c130001493457,female,Not Hispanic or Latino,White,48
5e617588e8165506fc39b363,male,Not Hispanic or Latino,White,42
5dd1fbf683e30924729400df,male,Not Hispanic or Latino,White,37
5ba18771e671c600012322e4,female,Not Hispanic or Latino,White,46
5d50feca50bdcf0001e8d38a,female,Not Hispanic or Latino,White,24
57dd1a741334540001170404,female,Not Hispanic or Latino,White,42
5d1a7bb2339da6001a12b11a,female,Not Hispanic or Latino,White,66
5dd864447beb29822b6c1e86,female,Not Hispanic or Latino,White,29
5dd1843cfd5b281f1e24d5c5,male,Not Hispanic or Latino,White,48
5b5089f9c36d8d0001ee0f73,male,Not Hispanic or Latino,White,42
5c51813b2423780001087907,female,Not Hispanic or Latino,White,29
5da48557dc2ba800168e1885,male,Not Hispanic or Latino,White,36
5e11882114ae638303c715d9,male,Not Hispanic or Latino,White,38
5c91c693765dad0016f8495c,male,Not Hispanic or Latino,Other,22
5e7189e9c1c9980afeb13d1e,female,Not Hispanic or Latino,White,32
5ca185065225d60017b0ecb1,female,Hispanic or Latino,White,32
5d612ae16512d700159face7,female,Not Hispanic or Latino,White,36
5dd402583c870a3daee3cb65,male,Not Hispanic or Latino,White,56
599ec7dc617ca80001fcd124,male,Not Hispanic or Latino,White,58
5b9dd41f962418000112e761,female,Not Hispanic or Latino,White,47
5a501c26eedc32000141f4f2,male,Not Hispanic or Latino,Asian,29
5bf56b6c8f12ac00018af6e2,female,Not Hispanic or Latino,White,36
5c2c6e432c45d400014a35e3,male,Not Hispanic or Latino,White,37
5e75686e5312ee0dab42c6df,female,Not Hispanic or Latino,Asian,21
5ded4bab1edb794081b3378e,female,Not Hispanic or Latino,Asian,25
5c9107147a7067000190a544,male,Not Hispanic or Latino,White,44
5c6f1e080b99a000018cc53b,female,Not Hispanic or Latino,White,53
5d2e8e17a29b67001aaa57e2,female,Not Hispanic or Latino,White,40
5df447e01e2e5831d5d20396,female,Not Hispanic or Latino,White,41
56e225c2ec0fdd000641e72d,female,Not Hispanic or Latino,White,48
5d8cf61c8057a8001b0569be,male,Hispanic or Latino,White,25
5e7238e07dcd0015fc27ee34,male,Not Hispanic or Latino,White,41
5e606b1eaf84e83c728748d7,male,Hispanic or Latino,Other,38
5c1a53b44868ce0001a3a4d0,male,Not Hispanic or Latino,White,37
5e83bb0601aa8c11929fa6d4,female,Hispanic or Latino,White,47
5996dbbc05a0e30001f1fd4a,male,Not Hispanic or Latino,Asian,41
5e53d7bddd7154010dbb80a1,male,Not Hispanic or Latino,White,31
5e6155e6f169c0046b6d6518,male,Not Hispanic or Latino,White,28
5d5c98f6121fc80001960e82,male,Not Hispanic or Latino,Asian,25
5e29ed78eb557a05536b8442,male,Not Hispanic or Latino,White,52
5e16bce18dffa0c6f76cda9b,female,Not Hispanic or Latino,White,29
5cb929bfebd17d0017e7f848,male,Not Hispanic or Latino,White,60
5b22f24c38fc0c0001313ea8,female,Not Hispanic or Latino,White,43
59947c1cf9db7d00018957fd,male,Not Hispanic or Latino,Asian,38
5ddbdd54f30aa6b365b4ebab,male,Hispanic or Latino,White,41
5ddef2e6929d5de6f1050f1c,male,Not Hispanic or Latino,White,58
5bdf22de2562330001b987e3,male,Not Hispanic or Latino,White,41
56abc4044483af000c4b755c,female,Not Hispanic or Latino,White,30
5d30a193b2cfe00017231a93,female,Not Hispanic or Latino,White,36
5e289d54a06ebe0464cfbe58,female,Not Hispanic or Latino,White,31
5d2e56ae72b6780001c66698,female,Not Hispanic or Latino,White,22
5e46f490a5748507c57e3c5f,male,Not Hispanic or Latino,Asian,41
5c6a36214fbf270001311702,female,Not Hispanic or Latino,Black,42
5953d01e4d560700016462da,female,Not Hispanic or Latino,White,50
5c0795f64452300001df3304,female,Not Hispanic or Latino,White,39
5de5dba9ff87c15699804260,male,Not Hispanic or Latino,White,63
5dcf162187c1fd05a28be5fb,female,Not Hispanic or Latino,Asian,54
564e93659b124900127eb55b,male,Not Hispanic or Latino,Asian,27
5d5f07cdca10e90016bc0103,male,Not Hispanic or Latino,White,33
5dd370b6e4bf2035a6b93643,male,Not Hispanic or Latino,Asian,29
5dd97dc7cf8e7e90c9addca7,male,Not Hispanic or Latino,White,57
583b397f54686200010f1d20,female,Not Hispanic or Latino,Black,48
5b60b06f0ca68d000150d757,male,Not Hispanic or Latino,White,34
572d55e1109ab600105176ba,male,Not Hispanic or Latino,White,28
5af799f857516b0001412679,male,Not Hispanic or Latino,White,50
5d47abcc2dc88900166f27c9,male,Not Hispanic or Latino,White,54
5ca17355f1e809001169e3c8,male,Not Hispanic or Latino,White,34
5d6dcf910562b9001a25fb70,male,Not Hispanic or Latino,Black,22
5dd2f94a238a913096c52317,female,Not Hispanic or Latino,White,37
5a49d6a06d85f80001c25bc4,female,Not Hispanic or Latino,White,39
5da88646fed6090012e5effd,male,Not Hispanic or Latino,Asian,27
5c2d426389f035000175d171,male,Hispanic or Latino,White,51
5e53556d2d48ca364723bf10,male,Not Hispanic or Latino,Asian,29
5de85ee6e4f42a7e18a6edf4,female,Not Hispanic or Latino,White,69
5dcca657854936945d68eaa9,female,Not Hispanic or Latino,White,48
5e7d031be805560ae6b93dba,female,Not Hispanic or Latino,Multiracial,30
5e4f30dd488436389bf58bf7,female,Not Hispanic or Latino,White,29
5e72e0d8adc903240ac70891,female,Not Hispanic or Latino,White,55
5d88f010859c9e0001810e88,female,Not Hispanic or Latino,White,46
5acb7b0ae1099600016acdd6,male,Not Hispanic or Latino,White,42
5a94c0b7b5e2110001c6891e,male,Not Hispanic or Latino,Asian,47
5d82be0cf45ead000150f026,male,Not Hispanic or Latino,White,38
5d44f2cb32ed2d0018267b2d,male,Not Hispanic or Latino,Black,49
5a2a1be50a95ab0001dc67ae,female,Hispanic or Latino,White,31
5dd3e5b66d52253c0e37e402,female,Not Hispanic or Latino,White,47
5dd5e27fe25acf59990e1adf,male,Hispanic or Latino,White,37
5e0189220db892d5a22f457e,male,Not Hispanic or Latino,White,30
5d012930cfeb82001817c9c9,female,Not Hispanic or Latino,Asian,29
5e67032bc302df492496fbaa,male,Not Hispanic or Latino,White,36
5cf5134c8f8ff80019e76721,male,Not Hispanic or Latino,White,47
5dd1964987c1fd2082c4d88e,male,Hispanic or Latino,Multiracial,47
5e63e24eaf3bd51660031dbe,male,Not Hispanic or Latino,White,34
5d25781deae1310019e2e95d,female,Not Hispanic or Latino,Asian,20
5d45bbac3c5a360019b1bc43,male,Not Hispanic or Latino,White,43
5e1bc8d75941db3f6f7edd95,male,Not Hispanic or Latino,White,29
5b9ce14e1b99540001d77e8a,male,Hispanic or Latino,Multiracial,48
5e7acf46e6548e0bf03346c7,male,Not Hispanic or Latino,White,21
5d99139757ff31001946659b,female,Not Hispanic or Latino,White,24
5dc50289718e6d39756e99f9,male,Not Hispanic or Latino,White,61
5e11fc3a76f45086a608f9bd,female,Not Hispanic or Latino,White,40
5da926115c6987001535a2da,male,Not Hispanic or Latino,White,57
5b2465d4007d870001c7926a,male,Hispanic or Latino,White,44
5caf9d267118670017240c96,female,Not Hispanic or Latino,White,40
5d474d1fab2d280015bb0110,male,Not Hispanic or Latino,Asian,31
5ba292385301b80001c71ba2,male,Not Hispanic or Latino,White,46
5daa18ed95be5f00133609e8,male,Not Hispanic or Latino,White,51
5dd405ab80123f3eaae9af80,female,Not Hispanic or Latino,White,60
59ba2a6e6495ef00019fbd70,male,Not Hispanic or Latino,White,54
5ddbd6e518beb6b1e1de0326,male,Not Hispanic or Latino,White,72
5e77d153b4cdc8072126b0eb,male,Not Hispanic or Latino,Asian,22
5dcb1023a67bd47e796516b5,female,Not Hispanic or Latino,Prefer not to disclose,24
5e56b9744c97910670a6c6dc,female,Not Hispanic or Latino,White,25
5e573ba5ad27610fa25300aa,male,Hispanic or Latino,White,19
5d7a7aac3e57c00001442470,female,Not Hispanic or Latino,White,44
5caa4435fd086000196ddf13,female,Not Hispanic or Latino,White,49
5e7ad13509f66f0c52d4aff3,female,Not Hispanic or Latino,Asian,21
5e791893f384be000819734c,female,Not Hispanic or Latino,Asian,19
5de79e713cf27970edc23950,female,Not Hispanic or Latino,White,41
5e27aae9fa970c9d7ae046dc,female,Not Hispanic or Latino,Asian,21
5951c8505f42c10001ff3f93,female,Not Hispanic or Latino,White,51
5cec5f7afdd26c00193ba64b,male,Hispanic or Latino,Other,27
5d0eecdd348afe00015865aa,female,Not Hispanic or Latino,White,46
5e35759f1c0a77521b3e4e7a,female,Not Hispanic or Latino,White,36
5d48fcc5643eb80001fb43fa,male,Not Hispanic or Latino,White,27
5dfa56fddc265f7ac3bee209,female,Not Hispanic or Latino,White,41
5e145b6ad62abea5c13910f7,female,Not Hispanic or Latino,White,59
5dc59aea37023940a0860dea,male,Not Hispanic or Latino,White,51
5e50bf5e2cfcc30ff7f5d870,female,Hispanic or Latino,White,51
59ff81fd5d06850001afeeab,male,Not Hispanic or Latino,Black,25
5e27085c4dc0880275e0b398,male,Hispanic or Latino,Prefer not to disclose,29
5bf3761862e1bc0001f15cb2,male,Not Hispanic or Latino,White,37
5c35101dbef9a20001e323f2,male,Hispanic or Latino,White,27
5e4fcfa854a6e701211477c8,male,Hispanic or Latino,White,25
5c67d039755ed2000170a774,female,Not Hispanic or Latino,Asian,35
5e84cf62eabe5c081ea860c5,male,Not Hispanic or Latino,Asian,23
5dd296d982569a2a212d2ab0,male,Not Hispanic or Latino,White,75
5dd32432e0b21b3472c20ebe,female,Not Hispanic or Latino,Black,41
5c5198da659655000168955d,male,Not Hispanic or Latino,White,42
5d45c2d1da9cb60015aa4312,female,Not Hispanic or Latino,White,39
57272517e386b9000e3e2b72,female,Not Hispanic or Latino,White,47
5c57022635a46a0001682961,female,Not Hispanic or Latino,White,49
5c343793ca23620001b2a460,male,Not Hispanic or Latino,White,27
5d8fea94efcbb5001756364b,male,Not Hispanic or Latino,White,36
5e2fb94ce0512d563ef46990,male,Not Hispanic or Latino,White,43
5bcc1fce4249b20001bc99f1,female,Not Hispanic or Latino,White,37
5ca8ffbec942ab0016cfe9d2,male,Not Hispanic or Latino,White,47
5e567cd58e4500024e8d096c,female,Not Hispanic or Latino,White,47
5e0cd34376f45046333a5b87,female,Not Hispanic or Latino,Multiracial,18
5d96eeed1998fb00177f6b71,female,Not Hispanic or Latino,Asian,22
5cb6527cdcd7180015d0a463,female,Not Hispanic or Latino,White,53
5e743710ff5c123c3f811a82,female,Hispanic or Latino,White,19
5e4cc1264b4ceb124578607c,female,Not Hispanic or Latino,White,19
55678ac4fdf99b02081d82c2,male,Not Hispanic or Latino,White,24
5e3e54f69e51f80b67c1cc06,female,Not Hispanic or Latino,White,45
5c26b151c4b6e3000152c0b8,male,Not Hispanic or Latino,White,65
5c054e8a553fb800011917d7,male,Not Hispanic or Latino,White,20
5e7d85f4469f74411f33f610,female,Not Hispanic or Latino,Multiracial,27
5de970024172e2000c9dacd2,male,Not Hispanic or Latino,White,61
5e729fcb5c18c01eecbecb74,female,Not Hispanic or Latino,White,21
55a55bd7fdf99b790558627c,female,Not Hispanic or Latino,White,41
5c03c70729abc00001992bf1,male,Not Hispanic or Latino,White,35
5c82da3d1dcc91001491b639,female,Not Hispanic or Latino,White,46
5e39584d48ec811632263bbd,female,Hispanic or Latino,White,26
59cc6c0246f7210001906b71,male,Not Hispanic or Latino,White,63
558823c2fdf99b318cb4224b,male,Not Hispanic or Latino,White,30
5a7f44ec8fe2dc000105c9b0,male,Hispanic or Latino,White,29
5cba1809102bd400130c19e7,female,Not Hispanic or Latino,Black,42
54849236fdf99b07b28f2318,male,Not Hispanic or Latino,White,47
5c87cb49850724000157d908,male,Not Hispanic or Latino,White,58
5b4ccba2e893120001247e9e,male,Not Hispanic or Latino,Asian,24
5ddef0fae454cde6bc7d9e3e,male,Not Hispanic or Latino,White,23
5e74f3d6d2c71504ac353017,female,Not Hispanic or Latino,White,18
5e8035b69bebe57112d963fe,female,Not Hispanic or Latino,Asian,20
5de5e8e5a1a3fb572da9cce5,female,Hispanic or Latino,White,33
5e416e22fb96eb000b3fe2a8,male,Not Hispanic or Latino,Asian,25
586372cae16d530001b345b8,female,Not Hispanic or Latino,White,63
5c65c10ff5ac570001b37b55,female,Not Hispanic or Latino,White,47
5e7691c0629b77207b16964a,female,Not Hispanic or Latino,Asian,18
5aaeb037811b2000016f7e9f,male,Hispanic or Latino,White,28
5dea9b4a35575a1c1c362ae6,female,Not Hispanic or Latino,White,18
5be1ca6d91deed00015a986c,female,Not Hispanic or Latino,White,58
5c5c75d6329ee20001083061,male,Hispanic or Latino,White,37
5de855017d44177cafe19840,male,Not Hispanic or Latino,White,40
5d37d2861566530016a061de,male,Hispanic or Latino,White,42
5e867394499bf02a03897f0a,female,Not Hispanic or Latino,Black,19
5c297a144479410001515282,female,Not Hispanic or Latino,Asian,21
5706fb93914b7100093b7925,male,Not Hispanic or Latino,White,26
5c607b7a9cf8fb000199e489,female,Not Hispanic or Latino,White,45
5e26a04f727e048d3e0b9459,male,Not Hispanic or Latino,White,29
5dde21012a30acd8ada645ec,male,Not Hispanic or Latino,Black,54
5c9293accd8dd00001d0b129,male,Not Hispanic or Latino,White,49
5d130227a271e4001a743702,female,Not Hispanic or Latino,White,29
5cf6150ce42af100015a90c4,female,Not Hispanic or Latino,White,49
5dcec32a367c6d000a4282c2,male,Not Hispanic or Latino,White,66
5d9b84c0bc904e0414048804,female,Not Hispanic or Latino,White,48
5ca2d3dd010c73001606b7d8,female,Not Hispanic or Latino,White,43
5dd348ce41afe8350e638085,female,Hispanic or Latino,White,68
5e79740cd1dff853eb36c467,female,Not Hispanic or Latino,Asian,24
546ee363fdf99b2bc7ebd035,female,Not Hispanic or Latino,White,59
5c6b646349b7f0000120b659,female,Not Hispanic or Latino,White,63
5cbe6bcc30c99c0018e866f0,male,Hispanic or Latino,Multiracial,33
5e6002b9e9e2ca34e24deab8,male,Not Hispanic or Latino,White,51
5e48cc0fe4317f3670ce90dd,female,Not Hispanic or Latino,White,72
5e82413b37e72496c1dd4349,male,Not Hispanic or Latino,White,34
5c800507a1d4b900114f28c4,male,Not Hispanic or Latino,White,28
5e4fdc35acfd00024fcb9dc5,female,Not Hispanic or Latino,White,42
5ac2b4889534ba0001c72843,female,Not Hispanic or Latino,White,22
55f5946a32af74001017047b,male,Not Hispanic or Latino,White,59
5dced33fc944d1018c53c520,female,Prefer not to disclose,Asian,44
5b678d8ef6a18700019e3611,female,Not Hispanic or Latino,White,42
5d280e75c3c61e000181c6bd,male,Not Hispanic or Latino,White,43
5e6cd6acaa16f1289f8440e9,female,Not Hispanic or Latino,White,33
5c19a630257db80001a2b3a8,male,Not Hispanic or Latino,White,64
5e5ab88a43f33029b119a48c,female,Not Hispanic or Latino,White,47
5dceb7bf2c5c10000acda107,male,Not Hispanic or Latino,Other,67
5e53a5d2dc07893a2d6c7a44,male,Not Hispanic or Latino,Asian,23
5e77a65dcce2a2319f9e8849,female,Hispanic or Latino,White,45
5d26aaf4665b0a00174b8f03,male,Hispanic or Latino,White,24
5d8d12f6d88e3a00142c9751,male,Not Hispanic or Latino,White,34
5d1d3e492a76c70015a4396c,male,Not Hispanic or Latino,White,47
5e2926d80beb030ede110e67,female,Not Hispanic or Latino,White,47
5dc1a56a648927000be0fca7,female,Not Hispanic or Latino,Black,55
5b9bf0277027930001c6141a,male,Not Hispanic or Latino,White,49
55abb1a5fdf99b501fab62e3,male,Not Hispanic or Latino,White,76
5e3fa2bd23323f1f0a0b5462,male,Not Hispanic or Latino,White,37
5db3b031efa9f6000cf02400,male,Not Hispanic or Latino,White,21
5dd72d2883e3096d755c0f14,female,Not Hispanic or Latino,White,53
5bfd81fb2feab400014d9060,male,Not Hispanic or Latino,White,46
5e3db1b6ddbf6c020e6aed9f,female,Not Hispanic or Latino,White,24
5b2d6013d143660001cc3dd1,female,Not Hispanic or Latino,Asian,35
5c3820ee1ede2b0001155929,female,Not Hispanic or Latino,White,27
5e387f2c0d70ef099d5e5a4f,male,Not Hispanic or Latino,White,37
5cb80f255a63a200167ead10,female,Not Hispanic or Latino,White,44
5c748f00300d3d000126ef3b,female,Not Hispanic or Latino,White,23
5be2beac398f560001a58df7,male,Not Hispanic or Latino,White,55
5c660497076e4e0001290b6c,female,Not Hispanic or Latino,White,37
5758a211cb13810006479a0d,male,Not Hispanic or Latino,White,55
58cefdb030c4cf0001ceb3ac,female,Not Hispanic or Latino,White,64
5a61207cc0d8360001078f07,female,Not Hispanic or Latino,White,46
5e49fd714535c4462d04dcd7,female,Not Hispanic or Latino,White,56
59e7477e3e4b5a00016aa4d2,male,Not Hispanic or Latino,White,55
5e84f6b23b1cee0ccbec287c,male,Not Hispanic or Latino,Black,33
5e865ed591a08928b8616e62,male,Not Hispanic or Latino,Black,30
5e79340b6d9a624e3f39586d,male,Not Hispanic or Latino,Multiracial,42
570758d5374137000fbb68cd,female,Not Hispanic or Latino,White,43
5c5dba4ed86a7f000191e5d5,male,Not Hispanic or Latino,White,56
5e09566024f939233ecf1c7f,female,Not Hispanic or Latino,Multiracial,22
5dfb87ac265c808aeb82de9a,male,Not Hispanic or Latino,White,42
5e0a4154deea2b2c63fb1062,female,Not Hispanic or Latino,White,48
5e27727328b7b698b037ee6c,male,Hispanic or Latino,White,34
5c82d87ef82e210014e32578,male,Not Hispanic or Latino,Black,45
5a5d7a42acc75b00017a8193,female,Not Hispanic or Latino,White,40
5c2692660091e40001c9e7af,male,Hispanic or Latino,Other,23
5d94794a521f890016f93604,female,Not Hispanic or Latino,Multiracial,41
5e0d9b4b82a955507e488b14,female,Not Hispanic or Latino,White,59
5dfc840a265c8097a1e85473,female,Hispanic or Latino,White,33
5e755d8a4ef41300084c50ca,male,Not Hispanic or Latino,White,25
5c4534332b1bda0001f5791f,male,Not Hispanic or Latino,White,35
5dd824a7867751000c5624ee,female,Not Hispanic or Latino,White,46
5dab7683c514d8001730ae4e,female,Not Hispanic or Latino,White,53
5cfdd7d53ca1bb00011030d4,female,Not Hispanic or Latino,White,28
5e3f4c676d06fc1b240e6021,male,Not Hispanic or Latino,White,63
5d50567697082b0018f7f481,female,Not Hispanic or Latino,White,24
5d9d2e7b60ff260017554fb5,female,Not Hispanic or Latino,Asian,26
5deae0ced6149021275f7166,male,Not Hispanic or Latino,Asian,26
5d6141608a11df001a477fbe,male,Not Hispanic or Latino,White,42
5996ad5c9845ef00014de423,female,Not Hispanic or Latino,White,40
5c47d714a8703f0001b6e780,male,Not Hispanic or Latino,White,32
5615777c7ffc8a000a811c61,male,Not Hispanic or Latino,White,59
5dd6830d57260460919d9715,female,Not Hispanic or Latino,White,33
5d30a875ad3457001743fbc9,male,Not Hispanic or Latino,White,47
5c872cded9fe700001024123,male,Hispanic or Latino,White,35
5d4c7ac3e8ec490018b0050d,female,Not Hispanic or Latino,Other,61
5dcf2a86b48da307d80875e7,female,Not Hispanic or Latino,White,58
5db603b20ad96c000e3847db,male,Hispanic or Latino,White,45
5ded9996838b4f45b83bb3f9,female,Not Hispanic or Latino,White,67
5ced335ede266200161ea979,female,Hispanic or Latino,White,36
5e6fd3293c76d25a3ca8b384,male,Not Hispanic or Latino,White,49
5c756f32c3c75a0001334269,male,Not Hispanic or Latino,Multiracial,52
5e07d174da6bad1342bafab2,male,Not Hispanic or Latino,White,36
58a9bada6a8d3b00017eccc2,female,Not Hispanic or Latino,White,57
58effc65c31d4d00015aa5b9,female,Not Hispanic or Latino,White,46
5b09f4f1d282ff00015b536d,male,Not Hispanic or Latino,White,53
5e2b08f297999401143d54c7,female,Not Hispanic or Latino,White,35
56ec2213388e1d000a5960c2,male,Not Hispanic or Latino,Black,37
5cc84fdfe72c19001476181b,male,Not Hispanic or Latino,Asian,29
5bf43ba0f35e0c0001017133,female,Hispanic or Latino,White,49
5d757faafea8150001e470e9,female,Not Hispanic or Latino,White,22
5e616b0a72248504495fe4ef,male,Hispanic or Latino,White,31
5c79d19742b7c300109f4fbc,female,Not Hispanic or Latino,White,36
5dce9e8138628b09c4a5a65e,female,Not Hispanic or Latino,White,43
5e80cd337412d47af23d463d,male,Not Hispanic or Latino,White,24
5d14f01dcd4b9c000184627b,female,Not Hispanic or Latino,White,72
5b5e7e643bac1d0001f9bf28,female,Not Hispanic or Latino,Multiracial,32
5d56123417ee8d0001cd9e00,male,Not Hispanic or Latino,White,72
5d8e3cd58c996a00138f684c,male,Not Hispanic or Latino,White,38
5d7e7a080cc1c900155d5d07,male,Not Hispanic or Latino,White,35